songName,singer,mvLink,lyrics,Remarks
Wait for It,Leslie Odom Jr.,https://player.bilibili.com/player.html?aid=841304395&bvid=BV1u54y1q7Y1&cid=210919963,"[Burr]
Theodosia writes me a letter every day
Theodosia 每天都寫給我一封信
I’m keeping the bed warm while her husband is away
我在暖著床，當她的丈夫不在時
He’s on the British side in Georgia
他在喬治亞州，是站在英國的那一邊
He’s trying to keep the colonies in line
他試著要將殖民地維持在控制之中
But he can keep all of Georgia
但他可以擁有整個喬治亞州
Theodosia, she’s mine
Theodosia，她是我的

Love doesn’t discriminate
愛並不會歧視辨別
Between the sinners
罪人
And the saints
和聖人
It takes and it takes and it takes
它奪取然後它奪取然後它奪取
And we keep loving anyway
而我們無論如何都還是繼續愛著
We laugh and we cry
我們笑然後我們哭
And we break
然後我們破裂
And we make our mistakes
然後我們犯下我們的錯誤
And if there’s a reason I’m by her side
而如果我在她身邊是有個原因的
When so many have tried
當這麼多人試過了
Then I’m willing to wait for it
那我願意等待它
I’m willing to wait for it
我願意等待它

[Burr 及合唱]
My grandfather was a fire and brimstone preacher
我祖父是死後下地獄永不超生、永恆煎熬的傳道者
Preacher, preacher, preacher
傳道者，傳道者，傳道者
But there are things that the homilies and hymns won’t teach ya
但有一些事是講道和聖歌不會教你的
Teach ya, teach ya, teach ya
教你，教你，教你
My mother was a genius (genius)
我母親是個天才 (天才)
My father commanded respect (respect, respect)
我父親下令要尊重
When they died they left no instructions
當他們去世時他們沒有留下任何指引
Just a legacy to protect
只有一些遺產要保護

Death doesn’t discriminate
死亡並不會歧視辨別
Between the sinners
罪人
And the saints
和聖人
It takes and it takes and it takes
它奪取然後它奪取然後它奪取
And we keep living anyway
而我們無論如何都還是繼續活著
We rise and we fall
我們升起然後我們墜落
And we break
然後我們破裂
And we make our mistakes
然後我們犯下我們的錯誤
And if there’s a reason I’m still alive
而如果我還活著是有個原因的
When everyone who loves me has died
當所有愛我的人都已經死去
I’m willing to wait for it
我願意等待它
I’m willing to wait for it
我願意等待它

Wait for it
等待它

[合唱]
Wait for it
等待它
Wait for it
等待它
Wait for it
等待它

[Burr]
I am the one thing in life I can control
我是生命中我所能控制的那一件事

[合唱]
Wait for it
等待它
Wait for it
等待它
Wait for it
等待它
Wait for it
等待它

[Burr]
I am inimitable
我是獨特的
I am an original
我是個原版的

[合唱]
Wait for it
等待它
Wait for it
等待它
Wait for it
等待它
Wait for it
等待它

[Burr]
I’m not falling behind or running late
我沒有落後或趕不上

[合唱]
Wait for it
等待它
Wait for it
等待它
Wait for it
等待它
Wait for it
等待它

[Burr]
I’m not standing still
我沒有站著不動
I am lying in wait
我正在埋伏等待

[合唱]
Wait
等待
Wait
等待
Wait
等待

[Burr]
Hamilton faces an endless uphill climb
Hamilton 面對一個無盡的上坡攀爬

[合唱]
Climb
攀爬
Climb
攀爬
Climb
攀爬

[Burr]
He has something to prove
他有個什麼需要去證明
He has nothing to lose
他沒有什麼可以失去的

[合唱]
Lose
失去
Lose
失去
Lose
失去
Lose
失去

[Burr]
Hamilton’s pace is relentless
Hamilton 的腳步是持續強烈的
He wastes no time
他毫不浪費時間

[合唱]
Time
時間
Time
時間
Time
時間

[Burr]
What is it like in his shoes?
站在他的角度是什麼感覺?

Hamilton doesn’t hesitate
Hamilton 不猶豫
He exhibits no restraint
他從不展現出限制
He takes and he takes and he takes
他奪取然後他奪取然後他奪取
And he keeps winning anyway
然後他無論如何都還是繼續贏著
He changes the game
他改變了遊戲
He plays and he raises the stakes
他玩然後他提高賭注
And if there’s a reason
而如果有個原因
He seems to thrive when so few survive, then Goddamnit—
讓他似乎蓬勃發展當只有這麼少人存活，那天殺的—

[Burr 及合唱]
I’m willing to wait for it
我願意等待它
Wait for it, wait for it
等待它，等待它
I’m willing to wait for it…
我願意等待它…
Life doesn’t discriminate
人生並不會歧視辨別
Between the sinners and the saints
罪人和聖人
It takes and it takes and it takes
它奪取然後它奪取然後它奪取
And we keep living anyway
而我們無論如何都還是繼續活著
We rise and we fall and we break
我們升起然後我們墜落然後我們破裂
And we make our mistakes
然後我們犯下我們的錯誤
And if there’s a reason I’m still alive
而如果我還活著是有個原因的
When so many have died
當這麼多人都已死去
Then I’m willin’ to—
那我願意—

[Burr]
Wait for it…
等待它…
Wait for it…
Wait for it…
Wait for it…
Wait for it…
Wait for it…
Wait for it…
Wait for it…
Wait for it…
Wait for it…
Wait for it…
Wait…
等待…",
The Room Where It Happens,Leslie Odom Jr.,https://player.bilibili.com/player.html?aid=414335814&bvid=BV1yV411U72o&cid=225978804,"[Burr]
Ah, Mister Secretary
啊，部長先生

[Hamilton]
Mister Burr, sir
Burr 先生，先生

[Burr]
Didja hear the news about good old General Mercer?
你聽說關於老好梅沙准將的消息了嗎?

[Hamilton]
No
沒有

[Burr]
You know Clermont Street?
你知道 Clermont 街嗎?

[Hamilton]
Yeah
知道

[Burr]
They renamed it after him. The Mercer legacy is secure
他們以他的名字將它重新命名了， Mercer 遺留的精神被穩固了

[Hamilton]
Sure
肯定的

[Burr]
And all he had to do was die
而他所需要做的事就只是死亡

[Hamilton]
That’s a lot less work
那樣做的工作量少很多

[Burr]
We oughta give it a try
我們必須試試這個方法

[Hamilton]
Ha
哈

[Burr]
Now how’re you gonna get your debt plan through?
現在你要怎麼讓你的債務計畫通過?

[Hamilton]
I guess I’m gonna fin’ly have to listen to you
我猜我終於必須要聽你的了

[Burr]
Really?
真的?

[Hamilton]
“Talk less. Smile more.”
“少說話，多微笑”

[Burr]
Ha
哈

[Hamilton]
Do whatever it takes to get my plan on the Congress floor
付出任何代價來讓我的計畫出現在全體參議院正式環節中的一部份

[Burr]
Now, Madison and Jefferson are merciless.
現在， Madison 和 Jefferson 很無情

[Hamilton]
Well, hate the sin, love the sinner
這個嘛，討厭罪惡本身，但去愛犯下罪的人

[Madison]
Hamilton!

[Hamilton]
I’m sorry Burr, I’ve gotta go
我很抱歉， Burr ，我得走了

[Burr]
But—
但—

[Hamilton]
Decisions are happening over dinner
決定會在晚餐時做出

[Burr]
Two Virginians and an immigrant walk into a room
兩個維吉尼亞州的人和一個移民走進一間房間

[Burr 及合唱]
Diametric’ly opposed, foes
直接地對抗，敵人

[Burr]
They emerge with a compromise, having opened doors that were
他們產生協議，有了開啟的門，那些門
[Burr 及合唱]
Previously closed
本來是關著的

[合唱]
Bros
兄弟

[Burr]
The immigrant emerges with unprecedented financial power
那個移民出現，帶著史無前例的財務力量
A system he can shape however he wants
一個他可以用任何他想要的方式塑型的系統
The Virginians emerge with the nation’s capital
維吉尼亞州人出現，帶著國家的首都
And here’s the pièce de résistance:
然後以下是壓軸主菜：

[Burr 及合唱]
No one else was in
沒有其他人在
The room where it happened
這件事發生的那個房間
The room where it happened
這件事發生的那個房間
The room where it happened
這件事發生的那個房間
No one else was in
沒有其他人在
The room where it happened (The room where it happened)
這件事發生的那個房間 (這件事發生的那個房間)
The room where it happened
這件事發生的那個房間
The room where it happened (The room where it happened)
這件事發生的那個房間 (這件事發生的那個房間)
No one really knows how the game is played (Game is played)
沒有人真的知道這場遊戲是怎麼玩的 (遊戲是怎麼玩的)
The art of the trade
交易的藝術
How the sausage gets made (How the sausage gets made)
香腸是怎麼被做出來的 (香腸是怎麼被做出來的)
We just assume that it happens (Assume that it happens)
我們只是假設它發生 (假設它發生)
But no one else is in
但沒有其他人在
The room where it happens (The room where it happens)
這件事發生的那個房間 (這件事發生的那個房間)

Thomas claims—
Thomas 聲稱—

[Jefferson]
Alexander was on Washington’s doorstep one day
有一天 Alexander 在 Washington 的門廊
In distress ‘n disarray
苦惱又混亂

[Burr 及合唱]
Thomas claims—
Thomas 聲稱—

[Jefferson]
Alexander said—
Alexander 說—

[Hamilton]
I’ve nowhere else to turn!
我沒有其他地方可以尋求協助了!

[Jefferson]
And basic’ly begged me to join the fray
然後基本上求我加入這個磨損處

[Burr 及合唱]
Thomas claims—
Thomas 聲稱—

[Jefferson]
I approached Madison and said—
我聯絡 Madison 然後說—
“I know you hate ‘im, but let’s hear what he has to say.”
“我知道你討厭他，但讓我們聽聽他要說什麼”

[Burr 及合唱]
Thomas claims—
Thomas 聲稱—

[Jefferson]
Well, I arranged the meeting
這個嘛，我規劃了會議
I arranged the menu, the venue, the seating
我規劃了菜單、場地、座位

[Burr]
But!
但!
No one else was in—
沒有其他人在—

[Burr 及合唱]
The room where it happened
這件事發生的那個房間
The room where it happened
這件事發生的那個房間
The room where it happened
這件事發生的那個房間

[Burr]
No one else was in—
沒有其他人在—

[Burr 及合唱]
The room where it happened
這件事發生的那個房間
The room where it happened
這件事發生的那個房間
The room where it happened
這件事發生的那個房間

No one really knows how the
沒有人真的知道
Parties get to yesssss (Parties get to yesssss)
這組人是如何達成共識 (這組人是如何達成共識)
The pieces that are sacrificed in (Ev’ry game of chesssss)
那些被犧牲的棋子，在 (每一盤棋之中)
Ev’ry game of chesssss
每一盤棋之中
We just assume that it happens (Assume that it happens)
我們只是假設它發生 (假設它發生)
But no one else is in (The room where it happens)
但沒有其他人在 (這件事發生的那個房間)
The room where it happens
這件事發生的那個房間

[合唱]
Meanwhile—
於此同時—

[Burr]
Madison is grappling with the fact that not ev’ry issue can be settled by committee
Madison 正與並不是每個議題都能由委員會決定的這個事實扭打著

[合唱]
Meanwhile—
於此同時—

[Burr]
Congress is fighting over where to put the capital—
國會正吵著要將首都設在哪裡—

[Burr]
It isn’t pretty
這場面並不漂亮
Then Jefferson approaches with a dinner and invite
然後 Jefferson 用一頓晚餐和邀約交涉
And Madison responds with Virginian insight:
然後 Madison 用維吉尼亞州的洞察回應：

[Madison]
Maybe we can solve one problem with another and win a victory for the Southerners, in other words—
也許我們可以用一個問題解決另一個，然後替南方的人贏得一場勝利，也就是說—

[Jefferson]
Oh-ho!

[Madison]
A quid pro quo
一個交換條件

[Jefferson]
I suppose
我想是的

[Madison]
Wouldn’t you like to work a little closer to home?
你不想要工作離家近一點嗎?

[Jefferson]
Actually, I would
事實上，我想要

[Madison]
Well, I propose the Potomac
這個嘛，我提議 Potomac 地區

[Jefferson]
And you’ll provide him his votes?
然後你就會提供他他的選票?

[Madison]
Well, we’ll see how it goes
這個嘛，我們看看事情怎麼發展

[Jefferson]
Let’s go
走吧

[Burr]
No!
不!

[合唱]
—one else was in
—沒有其他人在
The room where it happened
這件事發生的那個房間

[Burr 及合唱]
The room where it happened
這件事發生的那個房間
The room where it happened
這件事發生的那個房間
No one else was in
沒有其他人在
The room where it happened
這件事發生的那個房間
The room where it happened
這件事發生的那個房間
The room where it happened
這件事發生的那個房間

[Burr]
My God!
我的上帝!

[Burr 及合唱]
In God we trust
我們相信上帝
But we’ll never really know what got discussed
但我們永遠不會真的知道什麼被討論了
Click-boom then it happened
咖碰一聲然後它就發生了

[Burr]
And no one else was in the room where it happened
而沒有其他人在這件事發生的那個房間

[合唱]
Alexander Hamilton!

[Burr]
What did they say to you to get you to sell New York City down the river?
他們對你說了甚麼讓你出賣紐約?

[合唱]
Alexander Hamilton!

[Burr]
Did Washington know about the dinner?
Washington 知道關於這頓晚餐的事嗎?
Was there Presidential pressure to deliver?
有來自總統的壓力要讓它通過嗎?

[合唱]
Alexander Hamilton!

[Burr]
Or did you know, even then, it doesn’t matter
還是你知道，即使在那時，這並不重要
Where you put the U.S. Capital?
不管你將美國首都放在哪裡?

[Hamilton]
Cuz we’ll have the banks
因為我們會有銀行
We’re in the same spot
我們在同一個點

[Burr]
You got more than you gave
你得到的比你給予的還多

[Hamilton]
And I wanted what I got
而我想要我得到的那些
When you got skin in the game, you stay in the game
當你親身踏進遊戲裡，你待在遊戲裡
But you don’t get a win unless you play in the game
但除非你在遊戲裡玩一手，否則你不會取得勝利
Oh, you get love for it. You get hate for it
噢，你會因此得到愛，你會因此得到恨
You get nothing if you…
你什麼都不會得到，如果你…

[Hamilton 及合唱]
Wait for it, wait for it, wait!
等待它，等待它，等待!

[Hamilton]
God help and forgive me
上帝幫助並原諒我
I wanna build
我想要建造
Something that’s gonna
某個東西，它將會
Outlive me
活得比我更久

[合唱]
What do you want, Burr? (What do you want, Burr?)
你想要什麼， Burr? (你想要什麼， Burr?)
What do you want, Burr? (What do you want, Burr?)
你想要什麼， Burr? (你想要什麼， Burr?)
If you stand for nothing (What do you want, Burr?)
如果你沒有支持的事物 (你想要什麼， Burr?)
Burr, then what do you fall for? (What do you want?)
Burr ，那什麼會讓你傾注心力相信? (你想要什麼?)

[Burr]
I
我
Wanna be in
想要在
The room where it happens
事情發生的那個房間
The room where it happens
事情發生的那個房間
I
我
Wanna be in
想要在
The room where it happens
事情發生的那個房間
The room where it happens
事情發生的那個房間

[Burr 及合唱]
I I wanna be in
我 我想要在
The room where it happens
事情發生的那個房間
Wanna be (The room where it happens)
想要在 (事情發生的那個房間)
In the room where it happens (The room where it happens)
在事情發生的那個房間 (事情發生的那個房間)
I (I wanna be in the room)
我 (我想要在那個房間)
Where it happens
事情發生的那個地方
I wanna be in the room… (The room where it happens)
我想要在那個房間 (事情發生的那個房間)
Oh (The room where it happens)
噢 (事情發生的那個房間)
Oh (I wanna be in)
噢 (我想要在)
The room where it happens
事情發生的那個房間
I wanna be (The room where it happens)
我想要在 (事情發生的那個房間)
I wanna be (The room where it happens)
我想要在 (事情發生的那個房間)
I’ve got to be (I wanna be in)
我必須要在 (我想要在)
I’ve got to be (The room where it happens)
我必須要在 (事情發生的那個房間)
In that room (The room where it happens)
在那個房間 (事情發生的那個房間)
In that big ol’ room (The room where it happens)
在那個大大的房間 (事情發生的那個房間)

[合唱]
The art of the compromise—
協議的藝術—

[Burr]
Hold your nose and close your eyes
捏住你的鼻子並閉上你的雙眼

[合唱]
We want our leaders to save the day—
我們想要我們的領導者們轉危爲安—

[Burr]
But we don’t get a say in what they trade away
但我們對於他們將什麼交易掉無法插上一句話

[合唱]
We dream of a brand new start—
我們夢想著一個全新的開始—

[Burr]
But we dream in the dark for the most part
但在大部分時候我們在黑暗中做夢

[Burr 及合唱]
Dark as a tomb where it happens
它發生的地方黑暗的像座墳墓

[Burr 及合唱]
I’ve got to be in
我必須要在
The room… (The room where it happens)
那個房間… (事情發生的那個房間)
I’ve got to be…
我必須要在…
The room where it happens
事情發生的那個房間
I’ve got to be…
我必須要在…
The room where it happens
事情發生的那個房間
Oh, I’ve got to be in
噢，我必須要在
The room where it happens… (The room where it happens)
事情發生的那個房間 (事情發生的那個房間)
I’ve got to be, I’ve gotta be (The room where it happens)
我必須要在，我必須要在 (事情發生的那個房間)
I’ve gotta be…
我必須要在…
In the room! (I wanna be in the room)
在那個房間裡! (我想要在那個房間裡)
Where it happens!
它發生的地方!
Click-boom! (Click-boom!)
咖碰! (咖碰!)",
Satisfied,Renée Elise Goldsberry,https://player.bilibili.com/player.html?aid=328840077&bvid=BV1XA411e7Mw&cid=209310239,"[Laurens]
Alright, alright. That’s what I’m talkin’ about!
好的好的，這才是我所說的!
Now everyone give it up for the maid of honor
現在所有人向伴娘舉杯
Angelica Schuyler!

[Angelica 及合唱]
A toast to the groom!
舉杯敬新郎!
To the groom!
敬新郎!
To the groom!
敬新郎!
To the groom!
敬新郎!
To the bride!
敬新娘!
To the bride!
敬新娘!
To the bride!
敬新娘!
To the bride!
敬新娘!

From your sister
來自妳的姊姊
Angelica!
Angelica!
Angelica!
Who is always by your side
永遠站在妳這邊的姊姊
By your side!
站在妳這邊!
By your side!
站在妳這邊!
To your union
敬你們的結合
To the union! To the revolution!
敬你們的結合! 敬革命!
And the hope that you provide
還有你們提供的希望
You provide!
你們提供的!
You provide!
你們提供的!

May you always… (Always)
祝你永遠… (永遠)
Be satisfied (Rewind)
覺得滿足 (倒帶)

Rewind, Rewind
倒帶，倒帶
Helpless, sky’s, sky’s
不能自已，沒有、沒有
Drownin’ in em
沉溺於它們之中
Drownin’, rewind
沉溺於，倒帶

I remember that night, I just might (rewind)
我記得那個晚上，我可能就會 (倒帶)
I remember that night, I just might (rewind)
我記得那個晚上，我可能就會 (倒帶)
I remember that night, I remember that—
我記得那個晚上，我記得那個—

[Angelica]
I remember that night, I just might
我記得那個晚上，我可能就會
Regret that night for the rest of my days
後悔著那個晚上，在我剩下的日子之中

I remember those soldier boys
我記得那些士兵男孩們
Tripping over themselves to win our praise
爭先恐後被自己人絆倒地想要贏得我們的讚賞

I remember that dreamlike candlelight
我記得那如夢一般的燭光
Like a dream that you can’t quite place
像個你不太能寄托的夢

But Alexander, I’ll never forget the first
但 Alexander ，我永遠不會忘記
Time I saw your face
我第一次看到你臉龐的時刻

I have never been the same
自那之後我再也不如以往
Intelligent eyes in a hunger-pang frame
聰慧的雙眼在充滿渴望的框裡
And when you said “Hi,” I forgot my dang name
而當你說 “嗨”，我忘了自己的名字
Set my heart aflame, ev’ry part aflame
讓我的心開始燃燒，每個部分都在燃燒

[合唱]
This is not a game…
這不是個遊戲…

[Hamilton]
You strike me as a woman who has never been satisfied
妳擊中了我，以一個從來不曾被滿足的女人的姿態

[Angelica]
I’m sure I don’t know what you mean. You forget yourself
我很確定我不知道你在說什麼，你忘了自己的禮儀

[Hamilton]
You’re like me. I’m never satisfied
妳就像我一樣，我從來都不滿足

[Angelica]
Is that right?
這樣對嗎?

[Hamilton]
I have never been satisfied
我從來不曾被滿足

[Angelica]
My name is Angelica Schuyler
我的名字是 Angelica Schuyler

[Hamilton]
Alexander Hamilton

[Angelica]
Where’s your fam’ly from?
你的家族來自哪裡?

[Hamilton]
Unimportant. There’s a million things I haven’t done but
不重要，有一百萬件我還沒做的事但
Just you wait, just you wait…
妳等著，妳等著…

[Angelica]
So so so—
所以，所以，所以—
So this is what it feels like to match wits
所以這就是鬥智斗勇的感覺
With someone at your level! What the hell is the catch? It’s
和某個與妳程度相當的人! 這個捕獲到底是什麼? 這是
The feeling of freedom, of seein’ the light
自由的感覺，來自於看見光芒
It’s Ben Franklin with a key and a kite! You see it, right?
這是班傑明．富蘭克林拿著鑰匙和一只風箏! 你看出來了，對嗎?
The conversation lasted two minutes, maybe three minutes
這段對話持續了兩分鐘，也許三分鐘
Ev’rything we said in total agreement, it’s
所有我們所說的事都完全意見一致，這是
A dream and it’s a bit of a dance
一個夢想，而且這也是一點點跳舞
A bit of a posture, it’s a bit of a stance. He’s a
一點點姿勢，這是一點點姿態，他是
Bit of a flirt, but I’m ‘a give it a chance
有一點點調情，但我會給他一個機會
I asked about his fam’ly, did you see his answer?
我問了他的家族，你有看到他怎麼回答嗎?
His hands started fidgeting, he looked askance?
他的手開始坐立不安，他看起來有點遲疑?
He’s penniless, he’s flying by the seat of his pants
他身無分文，他正單憑本能感覺的行動著

Handsome, boy, does he know it!
帥氣，男孩，他可知道!
Peach fuzz, and he can’t even grow it!
臉上還只是蜜桃絨毛，而他甚至無法長出鬍子!
I wanna take him far away from this place
我想要帶他遠離這個地方
Then I turn and see my sister’s face and she is…
然後我轉身並看到我妹妹的臉龐，而她…

[Eliza]
Helpless…
不能自已…

[Angelica]
And I know she is…
而我知道她…

[Eliza]
Helpless…
不能自已…

[Angelica]
And her eyes are just…
而她的雙眼就是…

[Eliza]
Helpless…
不能自已…

[Angelica]
And I realize
而我瞭解了

[Angelica 及合唱]
Three fundamental truths at the exact same time…
三個基本的事實，就在同一個瞬間…

[Hamilton]
Where are you taking me?
妳要帶我去哪裡?

[Angelica]
I’m about to change your life
我將會改變你的人生

[Hamilton]
Then by all means, lead the way
那當然好，帶領我吧

[合唱]
Number one!
第一點!

[Angelica]
I’m a girl in a world in which
我是個在這樣的世界裡的女孩
My only job is to marry rich
我唯一的任務就是嫁給有錢人
My father has no sons so I’m the one
我父親沒有兒子，所以我是那個
Who has to social climb for one
必須要在社交地位上攀升的
So I’m the oldest and the wittiest and the gossip in
所以我是最年長的也是最聰穎的，而那些閒話在
New York City is insidious
紐約很陰險
And Alexander is penniless
而 Alexander 身無分文
Ha! That doesn’t mean I want him any less
哈! 這並不代表我會少想要他一點

[Eliza]
Elizabeth Schuyler. It’s a pleasure to meet you
Elizabeth Schuyler，很榮幸能認識您

[Hamilton]
Schuyler?

[Angelica]
My sister
我的妹妹

[合唱]
Number two!
第二點!

[Angelica]
He’s after me cuz I’m a Schuyler sister
他追我是因為我是個 Schuyler 家的姊妹
That elevates his status, I’d
這會提升他的地位，我得要
Have to be naïve to set that aside
很天真才能把這件事放在一旁
Maybe that is why I introduce him to Eliza
也許那是為什麼我將他介紹給 Eliza
Now that’s his bride
現在她是他的新娘
Nice going, Angelica, he was right
做的好， Angelica ，他是對的
You will never be satisfied
妳永遠不會被滿足

[Eliza]
Thank you for all your service
謝謝您在軍隊中替國家服務

[Hamilton]
If it takes fighting a war for us to meet, it will have been worth it
如果需要打一場戰役才能讓我們相遇，這一切都會是值得的

[Angelica]
I’ll leave you to it
我就不打擾你們了

[合唱]
Number three!
第三點!

[Angelica]
I know my sister like I know my own mind
我了解我妹妹就像我了解我自己的心
You will never find anyone as trusting or as kind
你永遠不會找到任何人像她如此信任或如此親切
If I tell her that I love him she’d be silently resigned
如果我告訴她我愛他，她會安靜地退讓
He’d be mine
他會是我的
She would say, “I’m fine”
她會說，”我沒事”

[Angelica 及合唱]
She’d be lying
她會說謊

[Angelica]
But when I fantasize at night
但當我在夜晚幻想
It’s Alexander’s eyes
那是 Alexander 的雙眼
As I romanticize what might
當我浪漫化什麼可能會
Have been if I hadn’t sized him
發生，如果我當時沒有
Up so quickly
這麼快的打量他
At least my dear Eliza’s his wife;
至少我親愛的 Eliza 是他的妻子
At least I keep his eyes in my life…
至少我將他的雙眼保有在我的人生中…

[Angelica 及合唱]
To the groom!
敬新郎!
To the groom!
敬新郎!
To the groom!
敬新郎!
To the groom!
敬新郎!
To the bride!
敬新娘!
To the bride!
敬新娘!
To the bride!
敬新娘!
To the bride!
敬新娘!

From your sister
來自妳的姊姊
Angelica!
Angelica!
Angelica!
Who is always by your side
永遠站在妳這邊的姊姊
By your side!
站在妳這邊!
By your side!
站在妳這邊!
To your union
敬你們的結合
To the union! To the revolution!
敬你們的結合! 敬革命!
And the hope that you provide
還有你們提供的希望
You provide!
你們提供的!
You provide!
你們提供的!

May you always… (Always)
願你永遠… (永遠)
Be satisfied
感到滿足
Be satisfied
感到滿足
Be satisfied
感到滿足
Be satisfied
感到滿足

And I know
而我知道
Be satisfied
感到滿足
Be satisfied
感到滿足
Be satisfied
感到滿足
She’ll be happy as his bride
她會快樂地當他的新娘
Be satisfied
感到滿足
Be satisfied
感到滿足
Be satisfied
感到滿足
Be satisfied
感到滿足
And I know
而我知道
Be satisfied
感到滿足
Be satisfied
感到滿足
Be satisfied
感到滿足
Be satisfied
感到滿足
He will never be satisfied
他永遠不會感到滿足
I will never be satisfied
我永遠不會感到滿足",
My Shot,Lin-Manuel Miranda,https://player.bilibili.com/player.html?aid=838759797&bvid=BV12g4y1v7SC&cid=210893784,"[Hamilton]
I am not throwing away my shot! 
我絕不會丟掉我的機會
I am not throwing away my shot!
我絕不會丟掉我的機會
Hey yo, I’m just like my country
嘿喲，我就像我的國家
I’m young, scrappy and hungry
我年輕、鬥志旺盛、並充滿渴望
And I’m not throwing away my shot!
而我絕不會丟掉我的機會
I’ma get a scholarship to King’s College
我將拿到倫敦國王學院的獎學金
I prob’ly shouldn’t brag, but dag, I amaze and astonish
也許我不應該炫耀，但該死的，我既驚愕又震驚
The problem is I got a lot of brains but no polish
問題是我有很多腦力但沒有擦亮磨光
I gotta holler just to be heard
我必須抱怨，只為了被聽到
With every word, I drop knowledge!
在每個字裡面，我秀出知識
I’m a diamond in the rough, a shiny piece of coal
我是在岩石中的鑽石，一塊閃耀的煤炭
Tryin’ to reach my goal. My power of speech: unimpeachable
試著達成我的目標，我演說的力量: 無可挑剔的
Only nineteen but my mind is older
只有十九歲但我的心智更老成
These New York City streets get colder, I shoulder
這些紐約市的街道越來越冷，我擔著
Ev’ry burden, ev’ry disadvantage
每個負擔，每個劣勢
I have learned to manage, I don’t have a gun to brandish
我已經學會處理，我沒有槍可以舞弄
I walk these streets famished
我極度飢餓的的走在這些街道上
The plan is to fan this spark into a flame
計畫要將這個火花煽成火焰
But damn, it’s getting dark, so let me spell out the name
但可惡，天越來越黑，所以讓我拼出我的名字
I am the—
我是那位—

[Hamilton/Lafayette/Mulligan/Laurens]
A-L-E-X-A-N-D
E-R—we are—meant to be…
—我們是—命中註定的…

[Hamilton]
A colony that runs independently
一個獨立運行的殖民地
Meanwhile, Britain keeps shittin’ on us endlessly
同時，英國繼續無止境地糟蹋我們
Essentially, they tax us relentlessly
實質上，他們殘酷地課我們稅
Then King George turns around, runs a spending spree
然後喬治國王轉身，來了一陣瘋狂花費
He ain’t ever gonna set his descendants free
他永遠不會放他的後裔自由
So there will be a revolution in this century
所以這個國家即將有一場革命
Enter me!
將我放進這個位置!

[Lafayette/Mulligan/Laurens]
(He says in parentheses)
(他在括號裡說)

[Hamilton]
Don’t be shocked when your hist’ry book mentions me
當你的歷史書籍提到我的時候別被嚇到
I will lay down my life if it sets us free
我會放下我的生命，如果這能讓我們自由的話
Eventually, you’ll see my ascendancy
最終，你會看到我的優勢

[Hamilton & Laurens]
And I am not throwing away
而我絕不會丟掉我的機會
My shot (my shot)
我的機會 (我的機會)
I am not throwing away
我絕不會丟掉
My shot (my shot)
我的機會 (我的機會)
Hey yo, I’m just like my country
嘿喲，我就像我的國家
I’m young, scrappy and hungry
我年輕、鬥志旺盛、並充滿渴望
And I’m not throwing away my shot
而我絕不會丟掉我的機會
And I’m not throwing away my shot
而我絕不會丟掉我的機會

[Hamilton/Mulligan/Laurens/Lafayette]
I am not throwing away my shot
我絕不會丟掉我的機會
I am not throwing away my shot
我絕不會丟掉我的機會
Hey yo, I’m just like my country
嘿喲，我就像我的國家
I’m young, scrappy and hungry
我年輕、鬥志旺盛、並充滿渴望
And I’m not throwing away my shot
而我絕不會丟掉我的機會
It’s time to take a shot!
該是時候奮力一搏了!

[Lafayette]
I dream of life without a monarchy
我夢想著沒有君主制的生活
The unrest in France will lead to ‘onarchy?
法國的動盪會導致嗚政府狀態?
‘Onarchy? How you say, how you say, ‘anarchy?’
嗚政府狀態? 你們怎麼說，你們怎麼說，無政府狀態?
When I fight, I make the other side panicky
當我戰鬥時，我讓另一方驚慌失措
With my—
用我的—

[Hamilton/Laurens/Lafayette/Mulligan]
Shot!
槍擊!

[Mulligan]
Yo, I’m a tailor’s apprentice
我是裁縫師的學徒
And I got y’all knuckleheads in loco parentis
而且我是你們這些傻瓜們的代理父母
I’m joining the rebellion ’cause I know it’s my chance
我加入這場謀反因為我知道這是我的機會
To socially advance, instead of sewin’ some pants!
在社會上有所進步，而不是縫製一些褲子!
I’m gonna take a—
我將會抓住這個—

[Hamilton/Laurens/Lafayette/Mulligan]
Shot!
機會!

[Laurens]
But we’ll never be truly free
但我們永遠不會真的自由
Until those in bondage have the same rights as you and me
直到那些在奴隸身分中的人們擁有與你和我相等的權利
You and I. Do or die. Wait till I sally in
你和我，行動否則死亡，等我出擊
On a stallion with the first black battalion
在雄馬背上，和第一支黑人軍隊
Have another—
再一次—

[Hamilton/Laurens/Lafayette/Mulligan]
Shot!
奮力出擊!

[Burr]
Geniuses, lower your voices
天才們，降低你們的音量
You keep out of trouble and you double your choices
遠離那些麻煩，你就能將你的選項翻倍
I’m with you, but the situation is fraught
我站在你們這邊，但現況令人擔憂
You’ve got to be carefully taught:
你們一定得被謹慎的指導:
If you talk, you’re gonna get shot!
如果你開口，你將會被射擊!

[Hamilton]
Burr, check what we got
Burr，看看我們得到什麼
Mister Lafayette, hard rock like Lancelot
Lafayette 先生，岩石般剛強，像圓桌武士蘭斯洛特
I think your pants look hot
我覺得你的褲子看起來很正點
Laurens, I like you a lot
Laurens，我很喜歡你
Let’s hatch a plot blacker than the kettle callin’ the pot…
讓我們醞釀一個比水壺稱茶壺的黑更黑的情節
What are the odds the gods would put us all in one spot
這是什麼樣難得的機會? 神將我們都放在同一個地方
Poppin’ a squat on conventional wisdom, like it or not
在傳統的智慧上撒一泡尿，無論你喜不喜歡
A bunch of revolutionary manumission abolitionists?
一堆革命的解放、廢奴主義者?
Give me a position, show me where the ammunition is!
給我一個職位，告訴我彈藥在哪裡!

Oh, am I talkin’ too loud?
噢，我是不是講得太大聲了?
Sometimes I get over excited, shoot off at the mouth
有時候我太興奮，話語連珠炮般脫口而出
I never had a group of friends before
我之前從來沒有過一群朋友
I promise that I’ll make y’all proud
我保證我會讓你們都驕傲

[Laurens]
Let’s get this guy in front of a crowd
讓我們把這個人呈現到眾人眼前

[Hamilton/Laurens/Lafayette/Mulligan]
I am not throwing away my shot
我絕不會丟掉我的機會
I am not throwing away my shot
我絕不會丟掉我的機會
Hey yo, I’m just like my country
嘿喲，我就像我的國家
I’m young, scrappy and hungry
我年輕、鬥志旺盛、並充滿渴望
And I’m not throwing away my shot
而我絕不會丟掉我的機會

I am not throwing away my shot
我絕不會丟掉我的機會
I am not throwing away my shot
我絕不會丟掉我的機會
Hey yo, I’m just like my country
嘿喲，我就像我的國家
I’m young, scrappy and hungry
我年輕、鬥志旺盛、並充滿渴望
And I’m not throwing away my shot
而我絕不會丟掉我的機會

[Laurens & Hamilton/Lafayette/Mulligan]
Ev’rybody sing:
大家一起唱:
Whoa, whoa, whoa (whoa, whoa, whoa)
Hey!
Whoa (Whoa)
Woo!
Whoa! (Whoa)
Said let ’em hear ya! (Yea)
我說讓他們聽見你!
Let’s go!
一起來!

[Laurens 及合唱]
Whoa! Whoa! Whoa!
I said shout it to the rooftops!
我說高聲唱到屋頂上!
Whoa!
Said, to the rooftops!
說，唱到屋頂上!
Whoa!
Come on!
來吧!
Yea
Come on, let’s go!
來吧，一起來!

[Laurens]
Rise up!
起來反抗!
When you’re living on your knees, you rise up
當你屈膝茍活，你起來反抗
Tell your brother that he’s gotta rise up
告訴你的兄弟他必須起來反抗
Tell your sister that she’s gotta rise up
告訴你的姊妹她必須起來反抗

[Laurens 及合唱]
When are these colonies gonna rise up?
這些殖民地甚麼時候要起來反抗?
Whoa! Whoa! Whoa!
When are these colonies gonna rise up?
這些殖民地甚麼時候要起來反抗?
Whoa
When are these colonies gonna rise up?
這些殖民地甚麼時候要起來反抗?
Whoa
When are these colonies gonna rise up?
這些殖民地甚麼時候要起來反抗?
Whoa
Rise up! (Rise up!)
起來反抗! (起來反抗!)

[Hamilton]
I imagine death so much it feels more like a memory
我已經想像死亡太多次，現在它感覺更像個回憶
When’s it gonna get me?
它什麼時候會帶走我?
In my sleep? Seven feet ahead of me?
在我的睡夢中嗎? 就只離我七呎之遙?
If I see it comin’, do I run or do I let it be?
如果我看到它的到來，我該跑還是該讓它就這麼做?
Is it like a beat without a melody?
它是像沒有旋律的節拍一樣嗎?
See, I never thought I’d live past twenty
你看，我從來沒想過我會活過二十歲
Where I come from some get half as many
我來自的那個地方裡有些人只活了二十歲的一半那麼久
Ask anybody why we livin’ fast and we laugh, reach for a flask
去問任何人為什麼我們要活得那麼急促，我們會笑，將手伸向隨身扁酒瓶
We have to make this moment last, that’s plenty
我們必須讓這一刻延續下去，這是很長的一段時間

Scratch that
擦去那個
This is not a moment, it’s the movement
這不只是個時刻，這是個運動
Where all the hungriest brothers with
哪裡是所有擁有最強烈渴望的弟兄們、
Something to prove went?
有想要證明的事情的人們會去的地方?
Foes oppose us, we take an honest stand
敵人們反對我們，我們表達誠實的意見
We roll like Moses, claimin’ our promised land
我們像摩西一樣前進，宣言認領已承諾的土地
And? If we win our independence?
然後呢? 如果我們贏得了我們的獨立?
Is that a guarantee of freedom for our descendants?
那是對我們後裔的自由的保障嗎?
Or will the blood we shed begin an endless
還是我們所流的血會開始一場無盡的
Cycle of vengeance and death with no defendants?
沒有被告的、復仇和死亡的循環?
I know the action in the street is excitin’
我知道街道上的行動很令人興奮
But Jesus, between all the bleedin’ ‘n fightin’
但天啊，在所有這些流血和抗爭之間
I’ve been readin’ ‘n writin’
我一直在閱讀和寫作
We need to handle our financial situation
我們需要處理我們的財務狀況
Are we a nation of states? What’s the state of our nation?
我們是一個由州組成的國家嗎? 我們國家現在是什麼狀態?
I’m past patiently waitin’
我已經過了耐心等待的階段
I’m passionately smashin’ every expectation
我正熱情地超出每一個期望
Every action’s an act of creation!
每個行動都是一個創造的行為!
I’m laughin’ in the face of casualties and sorrow
我在傷亡和悲傷地面前笑著
For the first time, I’m thinkin’ past tomorrow
這是第一次，我在想著明天之後的事情

[Hamilton 及合唱]
And I am not throwing away my shot
而我絕不會丟掉我的機會
I am not throwing away my shot
我絕不會丟掉我的機會
Hey yo, I’m just like my country
嘿喲，我就像我的國家
I’m young, scrappy and hungry
我年輕、鬥志旺盛、並充滿渴望
And I’m not throwing away my shot
而我絕不會丟掉我的機會

[Hamilton/Laurens/Lafayette/Mulligan]
We’re gonna rise up! Time to take a shot!
我們將會起來反抗! 是時候抓住機會奮力一搏了!
Not throwing away my shot
不會丟掉我的機會
We’re gonna rise up! Time to take a shot!
我們將會起來反抗! 是時候抓住機會奮力一搏了!
Not throwing away my shot
不會丟掉我的機會
We’re gonna
我們將會
We’re gonna
我們將會

[Hamilton 及合唱]
Time to take a shot! (Rise up)
是時候抓住機會奮力一搏了! (起來反抗)

[Hamilton/Lafayette/Laurens/Mulligan 及合唱]
Time to take a shot! (Rise up)
是時候抓住機會奮力一搏了! (起來反抗)
Time to take a shot! (Rise up)
是時候抓住機會奮力一搏了! (起來反抗)
Take a shot! Ri— ri— ri—
是時候抓住機會奮力一搏了! (起—起—起—)
Shot!
機會!
Shot!
機會!
A-yo it’s
欸喲，這是
Time to take a shot! (Time to take a shot!)
是時候抓住機會奮力一搏了! (是時候抓住機會奮力一搏了!)
Time to take a shot! (Time to take a shot!)
是時候抓住機會奮力一搏了! (是時候抓住機會奮力一搏了!)
And I am— (And I am)
而我絕對— (而我絕對)

[Hamilton/Lafayette/Mulligan/Laurens]
Not throwin’ away my—
不會丟掉我的—

[合唱]
Not throwin’ away my shot!
不會丟掉我的機會!",
Non-Stop,Leslie Odom Jr.,https://player.bilibili.com/player.html?aid=329069584&bvid=BV1nA411Y7Zt&cid=220086957,"[Burr]
After the war I went back to New York
戰後我回到紐約

[Hamilton]
A-After the war I went back to New York
戰、戰後我回到紐約

[Burr]
I finished up my studies and I practiced law
我念完我的學業然後從事法律工作

[Hamilton]
I practiced law, Burr worked next door
我從事法律工作， Burr 在隔壁工作

[Burr]
Even though we started at the very same time
即使我們在一模一樣的時間開始
Alexander Hamilton began to climb
Alexander Hamilton 開始攀升
How to account for his rise to the top?
如何解釋他直至頂端的興起?
Maaaaan, the man is
兄弟，這個男人

[Burr 和合唱]
Non-stop!
從不停止!

[Hamilton]
Gentlemen of the jury, I’m curious, bear with me
陪審團的諸位，我很好奇，請耐心容忍我一下
Are you aware that we’re making hist’ry?
你有注意到我們正在創造歷史嗎?
This is the first murder trial of our brand-new nation
這是我們新國家的第一起謀殺案審判
The liberty behind
自由在其後
Deliberation—
審議—

[合唱]
Non-stop!
從不停止!

[Hamilton]
I intend to prove beyond a shadow of a doubt
我有意去證明，超越懷疑的陰影
With my assistant counsel—
和我的助理辯護人—

[Burr]
Co-counsel
協理律師
Hamilton, sit down
Hamilton ，坐下
Our client Levi Weeks is innocent. Call your first witness
我們的客戶 Levi Weeks 是清白的，傳喚你的第一個證人
That’s all you had to say!
你只需要說這些!

[Hamilton]
Okay!
好!
One more thing—
還有一件事—

[Burr]
Why do you assume you’re the smartest in the room?
為什麼你認為你是房間裡最聰明的?
Why do you assume you’re the smartest in the room?
為什麼你認為你是房間裡最聰明的?
Why do you assume you’re the smartest in the room?
為什麼你認為你是房間裡最聰明的?
Soon that attitude may be your doom!
那個態度很快就會成為你的殞滅!

[合唱]
Awwww!

[Burr 和合唱]
Why do you write like you’re running out of time?
為什麼你像快沒時間了一樣的寫著?
Write day and night like you’re running out of time?
白天和晚上都寫著，像你快沒時間了一樣?
Ev’ry day you fight, like you’re running out of time
每一天你都戰鬥著，像你快沒時間了一樣
Keep on fighting. In the meantime—
繼續奮戰，於此同時—

[合唱]
Non-stop!
從不停止!

[Hamilton]
Corruption’s such an old song that we can sing along in harmony
貪汙腐敗是一首如此古老的歌，我們可以協調的一起唱
And nowhere is it stronger than in Albany
而沒有地方比它在美國紐約州首府奧本尼還要強盛
This colony’s economy’s increasingly stalling and
這個殖民地的經濟拖延的越來越嚴重

[Hamilton 、 Burr 、 合唱]
Honestly, that’s why public service
說真的，這就是為什麼政府公共服務
Seems to be calling me
似乎在呼喚我
He’s just non-stop!
他就是從不停止!

[Hamilton]
I practiced the law, I practic’ly perfected it
我從事法律工作，我實際上在這方面做得很完美
I’ve seen injustice in the world and I’ve corrected it
我在這世界看過不公而我矯正了它
Now for a strong central democracy
現在為了一個強壯的中央民主
If not, then I’ll be Socrates
如果不是這樣，那我會當蘇格拉底
Throwing verbal rocks at these mediocrities
向這些傭人丟著口頭上的石頭

[合唱]
Awww!

[Burr]
Hamilton, at the Constitutional Convention:
Hamilton，在制憲議會

[Hamilton]
I was chosen for the Constitutional Convention!
我被選進了制憲議會!

[Burr]
There as a New York junior delegate:
作為一個紐約代表:

[Hamilton 、 合唱]
Now what I’m going to say may sound indelicate… (Awwww)
我現在要說的話聽起來可能有點不客氣

[Burr 、 合唱]
Goes and proposes his own form of government! (What?)
去提議他自己的形式的政府! (什麼?)
His own plan for a new form of government! (What?)
他自己對於一個新形式政府的計畫! (什麼?)

[Burr]
Talks for six hours! The convention is listless!
講了六小時! 大會精疲力竭!

[合唱]
Bright young man…
聰明的年輕人…

Yo, who the f is this?
呦，這個人是誰?

[Burr 、 合唱]
Why do you always say what you believe?
為什麼你總是說出你的信念?
Why do you always say what you believe?
為什麼你總是說出你的信念?
Ev’ry proclamation guarantees free ammunition for your enemies!
每個公告都替你的敵人們保障了免費的彈藥!

[合唱]
Awww!

[Burr 、 合唱]
Why do you write like it’s
為什麼你寫著，像它將要
Going out of style?
過時了一樣?
Write day and night like it’s
白天和晚上都寫著，像它將要
Going out of style?
過時了一樣?

Ev’ry day you fight like it’s
每一天你都戰鬥著，像它將要
Going out of style
過時了一樣
Do what you do
做著你所做的事

[Burr]
Alexander?

[Hamilton]
Aaron Burr, sir
Aaron Burr ，先生

[Burr]
It’s the middle of the night
現在是午夜

[Hamilton]
Can we confer, sir?
我們能商談嗎，先生?

[Burr]
Is this a legal matter?
這是與法律相關的嗎?

[Hamilton]
Yes, and it’s important to me
是的，而且這對我來說很重要

[Burr]
What do you need?
你需要什麼?

[Hamilton]
Burr, you’re a better lawyer than me
Burr，你是個比我更好的律師

[Burr]
Okay
好

[Hamilton]
I know I talk too much, I’m abrasive
我知道我說的太多，我很粗厲令人不愉快
You’re incredible in court. You’re succinct, persuasive
你在法庭上很不可思議，你很簡潔、有說服力
My client needs a strong defense. You’re the solution
我的客戶需要一個強而有力的防禦，你就是那個解決方法

[Burr]
Who’s your client?
誰是你的客戶?

[Hamilton]
The new U.S. Constitution?
新的美國憲法?

[Burr]
No
不

[Hamilton]
Hear me out
聽我說

[Burr]
No way!
決不!

[Hamilton]
A series of essays, anonymously published
一系列的論文，匿名發表
Defending the document to the public
向公眾辯護這份文件

[Burr]
No one will read it
沒有人會讀的

[Hamilton]
I disagree
我不同意

[Burr]
And if it fails?
那如果它失敗了呢?

[Hamilton]
Burr, that’s why we need it
Burr ，這就是為什麼我們需要它

[Burr]
The constitution’s a mess
憲法一團糟

[Hamilton]
So it needs amendments
所以它需要修正案

[Burr]
It’s full of contradictions
這充滿了矛盾

[Hamilton]
So is independence
獨立也是
We have to start somewhere
我們必須從某個地方開始

[Burr]
No. No way
不，絕不

[Hamilton]
You’re making a mistake
你正在犯下一個錯誤

[Burr]
Good night
晚安

[Hamilton]
Hey
嘿
What are you waiting for?
你在等什麼?
What do you stall for?
是什麼讓你停下來?

[Burr]
What?
什麼?

[Hamilton]
We won the war
我們贏了戰爭
What was it all for?
這一切都是為了什麼?
Do you support this constitution?
你支持這個憲法嗎?

[Burr]
Of course
當然

[Hamilton]
Then defend it
那替它辯護

[Burr]
And what if you’re backing the wrong horse?
押錯賭注了呢?

[Hamilton]
Burr, we studied and we fought and we killed
Burr，我們念書然後我們戰鬥然後我們殺戮
For the notion of a nation we now get to build
為了一個我們現在能建造的國家的主張
For once in your life, take a stand with pride
在你的人生中就一次，帶著驕傲表明立場
I don’t understand how you stand to the side
我不能理解你為什麼站到一旁

[Burr 、 合唱]
I’ll keep all my plans close to my chest
我會對我所有的計畫都守口如瓶
Wait for it, wait for it, wait…
等待它，等待它，等待…
I’ll wait here and see which way the wind will blow
我會在這裡等待並看看風會往哪裡吹
I’m taking my time watching the afterbirth of a nation
我在花時間看看一個國家誕生後的產生的胎衣
Watching the tension grow
看看那些張力增長

[Angelica]
I am sailing off to London
我正在向倫敦啟航
I’m accompanied by someone who always pays
有個永遠會付帳的人陪伴我
I have found a wealthy husband
我找到了一個有錢的丈夫
Who will keep me in comfort for all my days
他會讓我的日子都過得舒服
He is not a lot of fun, but there’s no one
他不是很有趣，但沒有人
Who can match you for turn of phrase
可以在文字遊戲上比的上你
My Alexander
我的 Alexander

[Hamilton]
Angelica

[Angelica]
Don’t forget to write
別忘了寫信

[Eliza]
Look at where you are
看看你在哪裡
Look at where you started
看看你從哪裡開始
The fact that you’re alive is a miracle
你還活著的這個事實就是個奇蹟
Just stay alive, that would be enough
只要活著就好，這樣就足夠了
And if your wife could share a fraction of your time
而如果你的妻子可以分到你的一點點時間
If I could grant you peace of mind
如果我可以給予你內心的平靜
Would that be enough?
那樣會足夠嗎?

[Burr]
Alexander joins forces with James Madison and John Jay to write a series of essays defending the new United States Constitution, entitled The Federalist Papers. The plan was to write a total of twenty-five essays, the work divided evenly among the three men. In the end, they wrote eighty-five essays, in the span of six months. John Jay got sick after writing five. James Madison wrote twenty-nine. Hamilton wrote the other fifty-one!
Alexander 和 James Madison 及 John Jay 一起寫一系列的論文來替新的美國憲法辯論，標題為聯邦黨人文集 (The Federalist Papers)，本來的計畫是總共要寫要寫 25 篇論文，工作量平分給這三個人。最後，他們總共寫了 85 篇論文，在六個月之間， John Jay 在寫了 5 篇之後生病了， James Madison 寫了 29 篇， Hamilton 寫了剩下的 51 篇!

[Burr with ALL WOMEN]
How do you write like you’re running out of time?
你如何像快沒時間了一樣的寫著?
Write day and night like you’re running out of time?
白天和晚上都寫著，像你快沒時間了一樣?

Ev’ry day you fight like you’re running out of time
每一天你都戰鬥著，像你快沒時間了一樣
Like you’re running out of time
像你快沒時間了一樣
Are you running out of time?
你快沒時間了嗎?
Awwww!

[FULL COMPANY (EXCEPT HAMILTON)]
How do you write like tomorrow won’t arrive?
你如何像明天不會到來一樣的寫著?
How do you write like you need it to survive?
你如何像你需要它來存活下去一樣的寫著?
How do you write ev’ry second you’re alive?
你如何在你活著的每一秒都寫著?
Ev’ry second you’re alive? Ev’ry second you’re alive?
在你活著的每一秒? 在你活著的每一秒?

[Washington]
They are asking me to lead
他們在請我帶領
I am doing the best I can
我在盡我所能
To get the people that I need
去召集我需要的人
I’m asking you to be my right hand man
我在請你當我的左右手

[Hamilton]
Treasury or State?
財政部還是國務院?

[Washington]
I know it’s a lot to ask
我知道這個請求有點過分

[Hamilton]
Treasury or State?
財政部還是國務院?

[Washington]
To leave behind the world you know…
要你拋下你熟識的世界…

[Hamilton]
Sir, do you want me to run the Treasury or State department?
長官，你想要我管理財政部還是國務院?

[Washington]
Treasury
財政部

[Hamilton]
Let’s go
走吧

[Eliza]
Alexander…

[Hamilton]
I have to leave
我必須離開

[Eliza]
Alexander—

[Hamilton]
Look around, look around at how lucky we are to be alive right now
看看周遭，看看周遭，我們有多幸運能在此刻活著

[Eliza]
Helpless…
無助…

[Hamilton]
They are asking me to lead
他們在請求我領導

[Eliza]
Look around, isn’t this enough?
看看周遭，這不夠嗎?

[Angelica 、 Eliza]
He will never be satisfied
他永遠不會被滿足
What would be enough?
怎麼樣才會足夠?
He will never be satisfied (to be satisfied)
他永遠不會被滿足 (被滿足)
Satisfied, satisfied
滿足，滿足

[合唱]
History has its eyes
歷史正在看著
Look around, look around!
看看周遭，看看周遭!
Why do you assume you’re the smartest in the room?
為什麼你認為你是房間裡最聰明的人?
On you
看著你
Isn’t this enough?
這不夠嗎?
Why do you assume you’re the smartest in the room? (Non-stop)
為什麼你認為你是房間裡最聰明的人? (從不停止)
What would be enough?
怎麼樣才會足夠?

He will never be satisfied
他永遠不會被滿足
Why do you assume you’re the smartest in the room? (Non-stop)
為什麼你認為你是房間裡最聰明的人? (從不停止)
Satisfied, satisfied
滿足，滿足

History has its eyes
歷史正在看著
Soon that attitude’s gonna be your doom! (Non-stop)
那個態度很快就會成為你的殞滅! (從不停止)
On you
看著你
Why do you fight like you’re running out of time? (Non-stop)
為什麼你像快沒時間了一樣的戰鬥著? (從不停止)

Why do you fight like
為什麼你像這樣戰鬥著

History has its eyes on you
歷史正在注視著你

[Hamilton 、 合唱]
I am not throwin’ away my shot! (Just you wait!)
我不會丟掉我的機會! (你等著!)

I am not throwin’ away my shot! (Just you wait!)
我不會丟掉我的機會! (你等著!)

I am Alexander Hamilton!
我是 Alexander Hamilton!

[合唱]
Hamilton, just you wait!
Hamilton，你等著!

[Hamilton]
I am not throwin’ away my shot!
我不會丟掉我的機會!",
The Schuyler Sisters,Phillipa Soo,https://player.bilibili.com/player.html?aid=243772819&bvid=BV1Gv411z7oE&cid=210897605,"[Burr]
There’s nothing rich folks love more
有錢的人們最喜歡
Than going downtown and slummin’ it with the poor
去市中心窮遊
They pull up in their carriages and gawk
他們停下他們的馬車然後瞠目結舌
At the students in the common
對著普通學生們
Just to watch them talk
就只為了看他們說話
Take Philip Schuyler: the man is loaded
以 Philip Schuyler 為例: 這個人很富有
Uh-oh, but little does he know that
噢噢，但他並不知道
His daughters, Peggy, Angelica, Eliza
他的女兒們，Peggy、Angelica、Eliza
Sneak into the city just to watch all the guys at—
偷溜進城市只為了看所有的男人在—

[合唱]
Work, work!
工作，工作!

[Angelica]
Angelica!

[合唱]
Work, work!
工作，工作!

[Eliza]
Eliza!

[Peggy]
And Peggy!
和 Peggy!

[合唱]
Work, work!
工作，工作!
The Schuyler sisters!
Schuyler 姊妹!

[Angelica]
Angelica!

[Peggy]
Peggy!

[Eliza]
Eliza!

[合唱]
Work!
工作!

[Peggy]
Daddy said to be home by sundown
爸爸說要在日落前回家

[Angelica]
Daddy doesn’t need to know
爸爸不需要知道

[Peggy]
Daddy said not to go downtown
爸爸說不要去市中心

[Eliza]
Like I said, you’re free to go
像我說過的，妳可以離開

[Angelica]
But—look around, look around, the
但—看看周遭，看看周遭，那
Revolution’s happening in New York
革命正在紐約發生

[Eliza 、 Peggy]
New York
紐約

[合唱]
Angelica

[Schuyler 姊妹及合唱]
Work!
工作

[Peggy]
It’s bad enough daddy wants to go to war
這已經很糟了，爸爸想要參戰

[Eliza]
People shouting in the square
人們在廣場呼喊

[Peggy]
It’s bad enough there’ll be violence on our shore
這已經很糟了，我們的陸地將會有暴力

[Angelica]
New ideas in the air
新的想法在空中

[Angelica 及男性角色合唱]
Look around, look around—
看看周遭，看看周遭—

[Eliza]
Angelica, remind me what we’re looking for…
Angelica，提醒我我們在找什麼…

[男性角色合唱]
She’s lookin’ for me!
她在找我!

[Angelica 及合唱]
Eliza, I’m lookin’ for a mind at work (work, work)
Eliza，我在尋找一顆在工作的心 (工作，工作)
I’m lookin’ for a mind at work! (work, work)
我在尋找一顆在工作的心! (工作，工作)
I’m lookin’ for a mind at work! (work, work)
我在尋找一顆在工作的心! (工作，工作)
Whooaaaaa!
喔嗚!

[合唱]
Whooaaaaa!
喔嗚!
Work!
工作!

[Burr]
Wooh! There’s nothin’ like summer in the city
嗚! 沒有什麼跟城市中的夏天一樣
Someone in a rush next to someone lookin’ pretty
急躁趕時間的人在漂亮的人旁邊
Excuse me, miss, I know it’s not funny
不好意思，小姐，我知道這不有趣
But your perfume smells like your daddy’s got money
但妳的香水聞起來像是妳爸爸很有錢
Why you slummin’ in the city in your fancy heels
為什麼妳在穿著妳花俏的高跟鞋窮遊城市
You searchin for an urchin who can give you ideals?
妳在尋找一個可以給妳理想志向的小淘氣嗎?

[Angelica]
Burr, you disgust me
Burr，你讓我感到厭煩

[Burr]
Ah, so you’ve discussed me
啊，所以妳討論過我了
I’m a trust fund, baby, you can trust me!
我是個信託基金，寶貝，妳可以相信我!

[Angelica]
I’ve been reading Common Sense by Thomas Paine
我一直在讀湯瑪斯．潘恩的《常識》
So men say that I’m intense or I’m insane
所以男人們說我很激進或我瘋了
You want a revolution? I want a revelation
你想要一場革命? 我想要一個啟示
So listen to my declaration:
所以聽我的宣言:

[Eliza 、 Angelica 、 Peggy]
“We hold these truths to be self-evident
“我們認為這些真理是不言而喻的：
That all men are created equal”
人人生而平等”

[Angelica]
And when I meet Thomas Jefferson
而當我遇到 Thomas Jefferson 時

[合唱]
Unh!
呃!

[Angelica]
I’m ‘a compel him to include women in the sequel! 
我將會強迫他將女人包含在續集中!

[女性角色合唱]
Work!
工作!

[Eliza]
Look around, look around at how
看看周遭，看看周遭，看看
Lucky we are to be alive right now!
我們有多幸運在這個時候活著!

[Eliza 、 Peggy]
Look around, look around at how
看看周遭，看看周遭，看看
Lucky we are to be alive right now!
我們有多幸運在這個時候活著!

[Eliza 、 Angelica 、 Peggy]
History is happening in Manhattan and we just happen to be
歷史正在曼哈頓上演，而我們剛好就在
In the greatest city in the world!
世界上最好的城市!

[合唱]
In the greatest city in the world!
世界上最好的城市!

[Angelica 、 Eliza 、 Peggy 、 男性角色合唱]
Cuz I’ve been reading Common Sense by Thomas Paine
因為我一直在讀湯瑪斯．潘恩的《常識》
Look around, look around
看看周遭，看看周遭
Hey! Hey! Hey! Hey!
嘿! 嘿! 嘿! 嘿!
So men say that I’m intense or I’m insane
所以男人們說我很激進或我瘋了
The revolution’s happening in—
革命正在發生—
Hey! Hey! Hey! Hey!
嘿! 嘿! 嘿! 嘿!

[Angelica 、 Eliza 、 Peggy 、 女性角色合唱]
You want a revolution? I want a revelation
你想要一場革命? 我想要一個啟示
New York!
紐約!
Look around, look around, the revolution’s happening
看看周遭，看看周遭，革命正在發生
In New York!
在紐約!
So listen to my declaration:
所以聽我的宣言:

[女性角色合唱]
We hold these truths to be self evident that all men are created equal
我們認為這些真理是不言而喻的，人人生而平等
Look around, look around
看看周遭，看看周遭
Hey, hey, hey, hey
嘿，嘿，嘿，嘿
Whoo!
嗚!
At how lucky we are to be alive right now
看看我們有多幸運在這個時候活著!
Hey, hey, hey, hey
嘿，嘿，嘿，嘿

[合唱]
Look around, look around at how lucky we are to be alive right now!
看看周遭，看看周遭，看看我們有多幸運在這個時候活著!
History is happening in Manhattan and we just happen to be
歷史正在曼哈頓上演，而我們剛好就在

[女性角色合唱]
In the greatest city in the world
在世界上最好的城市!

[男性角色合唱]
In the greatest city—
在最好的城市—

[合唱]
In the greatest city in the world!
在世界上最好的城市!

[Angelica 及合唱]
Work, work! Angelica
工作，工作! Angelica

[Eliza 、 Peggy 及合唱]
Work, work! Eliza
工作，工作! Eliza
And Peggy!
和 Peggy!

[合唱]
Work, work!
工作，工作!
The Schuyler sisters
Schuyler 姊妹
Work, work
工作，工作
We’re looking for a mind at work
我們在尋找一顆在工作的心
Work, work (hey)
工作，工作 (嘿)
Work, work (hey)
工作，工作 (嘿)
Work, work
工作，工作

Work, work
工作，工作
Whoa!
哇嗚!
Hey! Hey! Hey! Hey! Hey!
嘿! 嘿! 嘿! 嘿! 嘿!

Work, work
工作，工作
In the greatest city in the world
在世界上最好的城市
In the greatest city in the world
在世界上最好的城市

In the greatest city in the world
在世界上最好的城市",
Dear Theodosia,Leslie Odom Jr. & Lin-Manuel Miranda,https://player.bilibili.com/player.html?aid=883819234&bvid=BV1ZK4y1s76A&cid=210213806,"[Burr]
Dear Theodosia, what to say to you?
親愛的 Theodosia ，該向妳說什麼呢?
You have my eyes. You have your mother’s name
妳有我的雙眼，妳有妳母親的名字

When you came into the world, you cried and it broke my heart
當妳來到這個世界，妳哭了而那讓我心碎

I’m dedicating every day to you
我將每一天都貢獻給妳
Domestic life was never quite my style
家庭生活之前一直不是我的風格
When you smile, you knock me out, I fall apart
當妳微笑，妳擊中了我，我被瓦解
And I thought I was so smart
而我以為我很聰明

You will come of age with our young nation
妳會和我們年輕的國家一起成年
We’ll bleed and fight for you, we’ll make it right for you
我們會為了妳流血、戰鬥，我們會為了妳讓它正確、歸位
If we lay a strong enough foundation
如果我們建立一個夠強壯的基底
We’ll pass it on to you, we’ll give the world to you
我們會將它傳給妳，我們會將世界給妳
And you’ll blow us all away…
而妳會讓我們驚豔…
Someday, someday
有一天，有一天
Yeah, you’ll blow us all away
是的，妳會讓我們驚豔
Someday, someday
有一天，有一天

[Hamilton]
Oh Philip, when you smile I am undone
噢 Philip ，當你微笑時我的情緒瓦解
My son
我的兒子
Look at my son. Pride is not the word I’m looking for
看看我的兒子，驕傲不是我在找的詞

There is so much more inside me now
我心中現在有太多
Oh Philip, you outshine the morning sun
噢 Philip ，你比早晨的太陽還亮眼
My son
我的兒子
When you smile, I fall apart
當你微笑時，我被瓦解
And I thought I was so smart
而我以為我很聰明
My father wasn’t around
我的父親當時不在身邊

[Burr]
My father wasn’t around
我的父親當時不在身邊

[Hamilton 、 Burr]
I swear that
我發誓
I’ll be around for you (I’ll be around for you)
我會在你身邊 (我會在你身邊)

[Hamilton]
I’ll do whatever it takes
我會付出一切

[Burr]
I’ll make a million mistakes
我會犯一百萬個錯誤

[Burr 、 Hamilton]
I’ll make the world safe and sound for you…
我會為了你將這個世界打造的很安全…
…will come of age with our young nation
…你會和我們年輕的國家一起成年
We’ll bleed and fight for you, we’ll make it right for you
我們會為了妳流血、戰鬥，我們會為了妳讓它正確、歸位

If we lay a strong enough foundation
如果我們建立一個夠強壯的基底
We’ll pass it on to you, we’ll give the world to you
我們會將它傳給你，我們會將世界給你
And you’ll blow us all away…
而你會讓我們驚豔…
Someday, someday
有一天，有一天
Yeah, you’ll blow us all away
是的，你會讓我們驚豔
Someday, someday
有一天，有一天",
You'll Be Back,Jonathan Groff,https://player.bilibili.com/player.html?aid=541986036&bvid=BV1Zi4y1M73c&cid=230538789,"You say
你說
The price of my love’s not a price that you’re willing to pay
得到我的愛的代價，不是你願意付的價格
You cry
你哭泣
In your tea which you hurl in the sea when you see me go by
在你的茶裡，那個當你看到我經過時憤慨地丟到海裡的茶
Why so sad?
為什麼要這麼難過?
Remember we made an arrangement when you went away
記得我們在你離開時安排好了協議
Now you’re making me mad
現在你讓我很生氣
Remember, despite our estrangement, I’m your man
記得，儘管有我們之間的這些疏遠隔閡，我是你的人
You’ll be back, soon you’ll see
你會回來的，很快你就會看到
You’ll remember you belong to me
你會記得你屬於我
You’ll be back, time will tell
你會回來的，時間會說明一切
You’ll remember that I served you well
你會記得我曾經對你很好
Oceans rise, empires fall
海平面上升，帝國傾落
We have seen each other through it all
我們都看過彼此經歷這一切
And when push comes to shove
而當輕推變成了猛力推撞
I will send a fully armed battalion to remind you of my love!
我會送出一支全副武裝的軍隊來向你提醒我的愛!

Da da da dat da dat da da da da ya da
Da da dat dat da ya da!
Da da da dat da dat da da da da ya da
Da da dat dat da… 

You say our love is draining and you can’t go on
你說我們的愛令人枯竭而你無法繼續下去
You’ll be the one complaining when I am gone…
你將會是抱怨的那個，當我不在了之後…
And no, don’t change the subject
而不，別改變議題
Cuz you’re my favorite subject
因為你是我最愛的主體
My sweet, submissive subject
我甜蜜的、順從的附屬品
My loyal, royal subject
我忠誠的、皇家的服從者
Forever and ever and ever and ever and ever…
直到永遠、永遠、永遠、永遠、永遠…

You’ll be back like before
你會回來的，就像之前一樣
I will fight the fight and win the war
我會打這場仗然後贏得戰爭
For your love, for your praise
為了你的愛，為了你的讚揚
And I’ll love you till my dying days
而我會愛你直到我將死之日
When you’re gone, I’ll go mad
當你不在時，我會生氣變得瘋狂
So don’t throw away this thing we had
所以別將我們有的這個東西丟掉
Cuz when push comes to shove
因為當輕推變成了猛力推撞
I will kill your friends and family to remind you of my love
我會殺了你的家人朋友來向你提醒我的愛

Da da da dat da dat da da da da ya da
Da da dat dat da ya da!
Da da da dat da dat da da da da ya da
Da da dat—
Everybody!
所有人!

Da da da dat da dat da da da da ya da
Da da dat dat da ya da!
Da da da dat da dat da da da da ya da da da da
Dat dat da ya da!",
Alexander Hamilton,Leslie Odom Jr. & Cast,https://player.bilibili.com/player.html?aid=969826701&bvid=BV1wp4y1Y7D9&cid=241573951,"[Aaron Burr]
How does a bastard, orphan, son of a whore and a
是怎麼做到的? 一個私生子、孤兒、妓女和一個
Scotsman, dropped in the middle of a forgotten
蘇格蘭人的兒子、被上天遺棄在一個被遺忘的
Spot in the Caribbean by providence, impoverished, in squalor
加勒比海小地方、貧困的、骯髒的
Grow up to be a hero and a scholar?
最後卻成長成為一個英雄和學者?

[John Laurens]
The ten-dollar Founding Father without a father
那個沒有父親的十美金開國元勛
Got a lot farther by working a lot harder
走的比誰都遠得多，因為比誰都認真得多
By being a lot smarter
因為比誰都聰明得多
By being a self-starter
因為自動自發
By fourteen, they placed him in charge of a trading charter
在十四歲的時候，他們就讓他管理進出口

[Thomas Jefferson]
And every day while slaves were being slaughtered and carted
而每一天，當奴隸被屠殺、裝載
Away across the waves, he struggled and kept his guard up
在遠離浪潮的另一端，他掙扎著並保持著他的武裝
Inside, he was longing for something to be a part of
在內心，他渴望一個歸屬
The brother was ready to beg, steal, borrow, or barter
這位兄弟已經準備好哀求、偷竊、借用、或交換

[James Madison]
Then a hurricane came, and devastation reigned
然後一個颶風來臨，然後由毀滅統治
Our man saw his future drip, dripping down the drain
我們的這位男人看到他的未來滴落，沿著排水道滴落
Put a pencil to his temple, connected it to his brain
將一枝鉛筆放置到他的太陽穴上，連結到他的腦袋
And he wrote his first refrain, a testament to his pain
然後他寫下他的第一段副歌，對於他的痛苦的遺囑

[Burr]
Well, the word got around, they said, “This kid is insane, man”
這個嘛，文字四處流轉，他們說，”這個孩子不得了，兄弟”
Took up a collection just to send him to the mainland
募集了資金只為了將他送到本土
“Get your education, don’t forget from whence you came, and
“接受你的教育，別忘了你從哪裡來，然後
The world’s gonna know your name. What’s your name, man?”
世界將會知道你的名字。你叫甚麼名字，兄弟?”

[Alexander Hamilton]
Alexander Hamilton
亞歷山大．漢彌爾頓
My name is Alexander Hamilton
我的名字是亞歷山大．漢彌爾頓
And there’s a million things I haven’t done
而這裡有一百萬件我還沒做的事
But just you wait, just you wait…
但你等著，你等著…

前面由各種不同角色不同角度介紹鋪陳之後才出場，第一句台詞開口就是 Hamilton 的名字，覺得力道很強>__<

[Eliza Hamilton]
When he was ten his father split, full of it, debt-ridden
當他十歲時，他的父親和牠們分開，充滿爛攤子，乘著債務
Two years later, see Alex and his mother bed-ridden
兩年之後，看看 Alex 和他的母親躺在床上
Half-dead sittin’ in their own sick, the scent thick
半死不活地坐在他們自己的疾病之中，生病的氣息漸濃

[合唱]
And Alex got better but his mother went quick
而 Alex 病情轉好了但他的母親很快就去世了

[George Washington 及合唱]
Moved in with a cousin, the cousin committed suicide
和堂哥一起搬進去住，那個堂哥自殺了
Left him with nothin’ but ruined pride, something new inside
留下他和損毀的自豪，有個新的什麼在他的心中
A voice saying
一個聲音說著
“Alex, you gotta fend for yourself.”
“Alex，你必須為了自己抵衛”
He started retreatin’ and readin’ every treatise on the shelf
他開始撤退然後閱讀書架上的每一本著作

[Burr 及合唱]
There would have been nothin’ left to do
這裡會沒有其他剩下的事情可做
For someone less astute
如果是對於一個沒這麼精明的人而言
He woulda been dead or destitute
他就會死去或窮困一生
Without a cent of restitution
沒有任何一文的公民權
Started workin’, clerkin’ for his late mother’s landlord
開始工作、打工，在已故母親的地主旗下
Tradin’ sugar cane and rum and all the things he can’t afford
做蔗糖、萊姆酒和所有他負擔不起的東西的貿易
Scammin’ for every book he can get his hands on
騙來所有他能碰到的書
Plannin’ for the future see him now as he stands on (ooh)
計畫著未來，現在看看他，站在
The bow of a ship headed for a new land
船首，前往一個新大陸
In New York you can be a new man
在紐約你能成為一個新的人

[Hamliton 及合唱]
In New York you can be a new man (Just you wait)
在紐約你能成為一個新的人 (你等著)
In New York you can be a new man (Just you wait)
在紐約你能成為一個新的人 (你等著)
In New York you can be a new man
在紐約你能成為一個新的人
In New York, New York
在紐約，紐約
Just you wait!
你等著!

[合唱]
Alexander Hamilton (Alexander Hamilton)
亞歷山大．漢彌爾頓 (亞歷山大．漢彌爾頓)
We are waiting in the wings for you (waiting in the wings for you)
我們為了你在舞台側台等著
You could never back down
你永遠不能打退堂鼓
You never learned to take your time!
你永遠沒有學會慢慢來
Oh, Alexander Hamilton (Alexander Hamilton)
噢，亞歷山大．漢彌爾頓 (亞歷山大．漢彌爾頓)
When America sings for you
當美國為你而唱
Will they know what you overcame?
他們會知道你經歷了什麼嗎?
Will they know you rewrote the game?
他們會知道你重寫了遊戲規則嗎?
The world will never be the same, oh
世界將不再相同，噢

[Burr 及合唱]
The ship is in the harbor now
船現在在港口了
See if you can spot him
看看你能不能看到認出他
Just you wait
你等著
Another immigrant
另一個移民
Comin’ up from the bottom
從底層爬起來
Just you wait
你等著
His enemies destroyed his rep
他的敵人摧毀他的名譽
America forgot him
美國忘了他

[Mulligan/Madison 及 Lafayette/Jefferson]
We fought with him
我們和他一起作戰

吉爾貝．迪．莫提耶，拉法葉侯爵 (Gilbert du Motier, Marquis de La Fayette，1757年9月6日－1834年5月20日) 是法國將軍、政治家，同時參與過美國革命與法國革命，被譽為「兩個世界的英雄」，一生致力於各國的自由與民族奮鬥事業，晚年成為1830年法國七月革命的要角，親手把大革命的三色旗披在新國王路易腓力身上。

Hercules Mulligan 和 James Madison 兩個角色由同一人演出，而 Marquis de Lafayette 和 Thomas Jefferson 也是由同一人詮釋，在這裡除了特意安排同一人演出兩個角色以外，也利用了 “fought with” 的不同解釋方式。一方面，Mulligan 和 Lafayette 在第一幕時在美國獨立戰爭中 “fought with” Hamilton，做為盟友和朋友和他在同一邊一起並肩作戰；另一方面，在第二幕中一樣由這兩個演員演出的 Madison 和 Jefferson “fought with” Hamilton ，站在對立的政治立場和思想做為對手在創立美國政府的過程中向他對戰。

參考資料: Genius Lyrics、維基百科 – Hercules Mulligan、維基百科 – 拉法耶特侯爵

[Laurens/Philip]
Me? I died for him
我? 我為他而死

[Washington]
Me? I trusted him
我? 我相信他

[Eliza、Angelica、Peggy/Maria]
Me? I loved him
我? 我愛他

[Burr]
And me? I’m the damn fool that shot him
而我? 我是那個該死的、開槍射死他的笨蛋

[合唱]
There’s a million things I haven’t done
這裡有一百萬件我還沒做的事
But just you wait!
但你等著!

[Burr]
What’s your name, man?
你叫甚麼名字，兄弟?

[合唱]
Alexander Hamilton!
亞歷山大．漢彌爾頓!",
"Who Lives, Who Dies, Who Tells Your Story",Phillipa Soo & Cast,https://player.bilibili.com/player.html?aid=348272052&bvid=BV1RR4y1y7n3&cid=909329041,"[Washington]
Let me tell you what I wish I’d known
讓我告訴你我希望我當時知道甚麼
When I was young and dreamed of glory
當我還年輕並夢想著榮耀時
You have no control:
你無法控制:

[Washington 及合唱]
Who lives
誰活著
Who dies
誰死亡
Who tells your story?
誰講述你的故事?

[Burr]
President Jefferson:
Jefferson 總統:

[Jefferson]
I’ll give him this: his financial system is a
我會給他這個: 他的財務系統是個
Work of genius. I couldn’t undo it if I tried
天才之作，我無法撤銷它，如果我嘗試這麼做的話
And I tried
而我嘗試這麼做了

[Washington 及合唱]
Who lives
誰活著
Who dies
誰死亡
Who tells your story?
誰講述你的故事?

[Burr]
President Madison:
Madison 總統:

[Madison]
He took our country from bankruptcy to prosperity
他帶領我們的國家從破產到繁榮
I hate to admit it, but he doesn’t get enough credit
我不想承認，但他沒有得到足夠的名譽
For all the credit he gave us
相對於他給我們的所有那些帳

[Washington 及合唱]
Who lives
誰活著
Who dies
誰死亡
Who tells your story?
誰講述你的故事?

[Angelica]
Every other founding father’s story gets told
每個其他開國元勳的故事都被講述
Every other founding father gets to grow old
每個其他開國元勳的故事都能逐漸年老

[Burr]
But when you’re gone, who remembers your name?
但當你不在了，誰記得你的名字?
Who keeps your flame?
誰維繫你的火焰?

[Burr 及合唱]
Who tells your story?
誰講述你的故事?
Who tells your story?
誰講述你的故事?

[Angelica 及合唱]
Who tells your story?
誰講述你的故事?
Your story?
你的故事?

[合唱]
Eliza

[Eliza]
I put myself back in the narrative
我將我自己放回敘述中

[合唱]
Eliza

[Eliza]
I stop wasting time on tears
我停止浪費時間流淚
I live another fifty years
我又活了五十年
It’s not enough
這不夠

[合唱]
Eliza

[Eliza]
I interview every soldier who fought by your side
我訪談每位曾與你並肩作戰的士兵

[Mulligan、 Lafayette、 Laurens]
She tells our story
她講述我們的故事

[Eliza]
I try to make sense of your thousands of pages of writings
我試著理解你幾千頁的寫作
You really do write like you’re running out of—
你真的寫得像你快要沒有—

[Eliza及合唱]
Time
時間

[Eliza]
I rely on—
我依靠著—

[Eliza、 Angelica]
Angelica

[Eliza]
While she’s alive—
當她活著時—

[Eliza 、 Angelica]
We tell your story
我們講述你的故事

[Eliza]
She is buried in Trinity Church
她被埋葬在 Trinity 教堂

[Eliza 、 Angelica]
Near you
靠近你的地方

[Eliza]
When I needed her most, she was right on—
當我最需要她時，她總是出現在對的—

[Eliza 及合唱]
Time
時間

[Eliza]
And I’m still not through
而我仍然不足
I ask myself, “What would you do if you had more—”
我問自己，”你會做甚麼，如果你有更多—”

[Eliza 及合唱]
Time
時間

[Eliza]
The Lord, in his kindness
主，在祂的恩慈中
He gives me what you always wanted
祂給我你一直想要的
He gives me more—
祂給我更多—

[Eliza 及合唱]
Time
時間

[Eliza]
I raise funds in D.C. for the Washington Monument
我替 Washington 紀念碑在 D.C. 募資

[Washington]
She tells my story
她講述我的故事

[Eliza]
I speak out against slavery
我為反對奴隸制挺身而出
You could have done so much more if you only had—
你可以做更多事的，如果你能有更多—

[Eliza 及合唱]
Time
時間

[Eliza]
And when my time is up, have I done enough?
而當我的時間到了，我做的足夠了嗎?
Will they tell our story?
他們會講述我們的故事嗎?

[合唱]
Will they tell your story?
他們會講述你們的故事嗎?

[Eliza]
Oh. Can I show you what I’m proudest of?
噢，我能給你看看最讓我驕傲的嗎?

[合唱]
The orphanage
孤兒院

[Eliza]
I established the first private orphanage in New York City
我在紐約建立了第一間私人孤兒院

[合唱]
The orphanage
孤兒院

[Eliza]
I help to raise hundreds of children
我協助扶養幾百位孩童
I get to see them growing up
我可以看著他們長大

[合唱]
The orphanage
孤兒院

[Eliza]
In their eyes I see you, Alexander
在他們的眼裡我看見了你， Alexander
I see you every—
我看見你，在每個—

[Eliza 及合唱]
Time
時刻

[Eliza]
And when my time is up
而當我的時間到了
Have I done enough?
我做的足夠了嗎?
Will they tell my story?
他們會講述我的故事嗎?

[合唱]
Will they tell your story?
他們會講述你的故事嗎?

[Eliza]
Oh, I can’t wait to see you again
噢，我等不及要再次見到你
It’s only a matter of—
這只是—

[Eliza 及合唱]
Time
時間早晚的問題

[合唱]
Will they tell your story?
他們會講述你的故事嗎?
Who lives, who dies, who tells your story?
誰活著，誰死亡，誰講述你的故事?
Will they tell your story?
他們會講述你的故事嗎?
Who lives, who dies—
誰活著，誰死亡—

Time…
時間…
Time…
時間…
Time…
時間…

Who tells your story?
誰講述你的故事?
",